previous_frame,current_frame
7916,7917
7919,7920
7920,7921
7923,7924
7929,7930
7932,7933
7935,7936
8007,8008
8165,8166
8193,8194
8197,8198
8199,8200
8200,8201
8242,8243
34181,34182
34191,34192
82584,82585
82585,82586
82704,82705
82721,82722
82722,82723
82849,82850
83825,83826
83829,83830
149235,149236
149236,149237
149238,149239
149241,149242
149242,149243
149243,149244
149258,149259
149272,149273
149783,149784
180099,180100
180100,180101
180111,180112
180114,180115
180116,180117
180120,180121
180122,180123
180123,180124
278137,278138
278138,278139
278140,278141
278143,278144
278144,278145
278146,278147
278148,278149
278149,278150
278152,278153
278153,278154
278169,278170
278172,278173
278768,278769
278771,278772
278776,278777
278782,278783
278783,278784
278784,278785
278785,278786
278793,278794
278800,278801
278808,278809
278813,278814
278814,278815
278817,278818
278818,278819
278820,278821
278822,278823
278823,278824
278828,278829
278829,278830
278831,278832
278834,278835
278839,278840
278844,278845
278845,278846
278848,278849
278850,278851
278852,278853
278853,278854
278854,278855
278855,278856
278857,278858
278858,278859
278860,278861
278861,278862
278866,278867
278867,278868
278879,278880
278881,278882
278889,278890
278890,278891
278892,278893
278893,278894
278900,278901
278901,278902
278902,278903
278903,278904
278912,278913
278913,278914
278916,278917
278918,278919
278926,278927
278927,278928
280163,280164
280164,280165
290600,290601
291577,291578
291578,291579
415620,415621
415621,415622
415857,415858
415858,415859
415859,415860
415860,415861
415862,415863
415869,415870
415922,415923
415923,415924
415944,415945
415945,415946
415947,415948
415950,415951
420426,420427
436748,436749
436749,436750
436756,436757
436757,436758
436760,436761
436763,436764
436764,436765
436766,436767
437183,437184
443399,443400
443559,443560
443560,443561
443766,443767
443767,443768
446053,446054
446054,446055
447676,447677
447677,447678
447678,447679
447679,447680
448256,448257
448258,448259
448265,448266
448266,448267
448270,448271
448271,448272
486030,486031
486031,486032
487057,487058
487058,487059
487174,487175
487175,487176
487176,487177
487177,487178
487437,487438
487438,487439
488006,488007
488007,488008
488012,488013
488013,488014
491429,491430
491430,491431
491531,491532
491532,491533
492180,492181
492181,492182
492275,492276
492276,492277
493067,493068
493068,493069
624682,624683
624683,624684
624864,624865
625033,625034
625048,625049
625140,625141
625171,625172
625172,625173
625179,625180
625459,625460
625618,625619
640369,640370
640388,640389
640525,640526
640811,640812
640814,640815
640815,640816
640816,640817
640817,640818
640822,640823
640823,640824
640825,640826
640826,640827
640831,640832
640832,640833
640851,640852
640852,640853
640858,640859
640859,640860
640861,640862
640862,640863
640863,640864
641031,641032
641032,641033
641050,641051
641051,641052
641053,641054
641054,641055
641055,641056
641057,641058
641092,641093
641093,641094
641103,641104
641104,641105
641121,641122
641122,641123
641126,641127
641127,641128
641153,641154
641154,641155
641204,641205
641205,641206
641555,641556
641556,641557
641557,641558
641558,641559
641559,641560
641561,641562
641564,641565
641565,641566
641566,641567
641567,641568
641570,641571
641571,641572
641574,641575
641576,641577
641579,641580
641580,641581
641582,641583
641584,641585
641585,641586
641587,641588
641593,641594
641594,641595
641596,641597
641598,641599
641600,641601
641602,641603
641603,641604
641604,641605
641608,641609
641609,641610
641610,641611
641612,641613
641618,641619
641619,641620
641626,641627
641627,641628
641628,641629
641629,641630
641632,641633
641635,641636
641637,641638
641638,641639
641639,641640
641641,641642
641657,641658
641661,641662
641662,641663
641665,641666
641670,641671
641672,641673
641675,641676
641677,641678
644192,644193
644193,644194
644304,644305
644341,644342
644387,644388
644420,644421
644554,644555
947650,947651
947651,947652
947660,947661
947661,947662
947668,947669
947691,947692
956268,956269
956299,956300
956303,956304
956849,956850
957594,957595
1031580,1031581
1031581,1031582
1031582,1031583
1031588,1031589
1031596,1031597
1031597,1031598
1031598,1031599
1031600,1031601
1031613,1031614
1031614,1031615
1031616,1031617
1031619,1031620
1080261,1080262
1080262,1080263
1080263,1080264
1080266,1080267
1080267,1080268
1080268,1080269
1080274,1080275
1080275,1080276
1080278,1080279
1080279,1080280
1080284,1080285
1080285,1080286
1080293,1080294
1080294,1080295
1080295,1080296
1080547,1080548
1080548,1080549
1080549,1080550
1080550,1080551
1080552,1080553
1080553,1080554
1080555,1080556
1080557,1080558
1080564,1080565
1080565,1080566
1080568,1080569
1080569,1080570
1080579,1080580
1080580,1080581
1080581,1080582
1080582,1080583
1080584,1080585
1080585,1080586
1080586,1080587
1080587,1080588
1080589,1080590
1080591,1080592
1080592,1080593
1080594,1080595
1080596,1080597
1080598,1080599
1080607,1080608
1080609,1080610
1081200,1081201
1081285,1081286
1081286,1081287
1081287,1081288
1081301,1081302
1081304,1081305
1081319,1081320
1081320,1081321
1081324,1081325
1081327,1081328
1081328,1081329
1081330,1081331
1082237,1082238
1082241,1082242
1082251,1082252
1083223,1083224
1083643,1083644
1083644,1083645
1102545,1102546
1102555,1102556
1102568,1102569
1102576,1102577
1102585,1102586
1102588,1102589
1158296,1158297
1158297,1158298
1158300,1158301
1158301,1158302
1158333,1158334
1158334,1158335
1158417,1158418
1232647,1232648
1234689,1234690
1235583,1235584
1235584,1235585
1236781,1236782
1236782,1236783
1237753,1237754
1237755,1237756
1244541,1244542
1248411,1248412
1248764,1248765
1248765,1248766
1248826,1248827
1252940,1252941
1255274,1255275
1255275,1255276
1255276,1255277
1255277,1255278
1255279,1255280
1255280,1255281
1255284,1255285
1255285,1255286
1257835,1257836
1257836,1257837
1258896,1258897
1258898,1258899
1258909,1258910
1258910,1258911
1259100,1259101
1259101,1259102
1260416,1260417
1260417,1260418
1260418,1260419
1260419,1260420
1261905,1261906
1261907,1261908
1261921,1261922
1261922,1261923
1261923,1261924
1261924,1261925
1263192,1263193
1263238,1263239
1263814,1263815
1263815,1263816
1264418,1264419
1264420,1264421
1264479,1264480
1264482,1264483
1264765,1264766
1264766,1264767
1264922,1264923
1264924,1264925
1265125,1265126
1265127,1265128
1265203,1265204
1265204,1265205
1270002,1270003
1270003,1270004
1270616,1270617
1270617,1270618
1272053,1272054
1272054,1272055
1272600,1272601
1272601,1272602
1272984,1272985
1272985,1272986
1272999,1273000
1273006,1273007
1273007,1273008
1273009,1273010
1273010,1273011
1273014,1273015
1273015,1273016
1273030,1273031
1273032,1273033
1273036,1273037
1273037,1273038
1273038,1273039
1273040,1273041
1273041,1273042
1273044,1273045
1273049,1273050
1273050,1273051
1273051,1273052
1273052,1273053
1273057,1273058
1273058,1273059
1273060,1273061
1273062,1273063
1273064,1273065
1273065,1273066
1273068,1273069
1273069,1273070
1273071,1273072
1273072,1273073
1273086,1273087
1273235,1273236
1273236,1273237
1273237,1273238
1273247,1273248
1273248,1273249
1273250,1273251
1273252,1273253
1273254,1273255
1273257,1273258
1273258,1273259
1273259,1273260
1273263,1273264
1273266,1273267
1273272,1273273
1273273,1273274
1273274,1273275
1273276,1273277
1273277,1273278
1273278,1273279
1273283,1273284
1273284,1273285
1273289,1273290
1273290,1273291
1273291,1273292
1273292,1273293
1273294,1273295
1273296,1273297
1273298,1273299
1273304,1273305
1273309,1273310
1273310,1273311
1273311,1273312
1273312,1273313
1273313,1273314
1273314,1273315
1273315,1273316
1273317,1273318
1273327,1273328
1273328,1273329
1273334,1273335
1273339,1273340
1273340,1273341
1273341,1273342
1273343,1273344
1273348,1273349
1273349,1273350
1273351,1273352
1273352,1273353
1273353,1273354
1273356,1273357
1273357,1273358
1273358,1273359
1273359,1273360
1273360,1273361
1273361,1273362
1273364,1273365
1273365,1273366
1273366,1273367
1273369,1273370
1273370,1273371
1273371,1273372
1273374,1273375
1273375,1273376
1273376,1273377
1273377,1273378
1273378,1273379
1273379,1273380
1273380,1273381
1273381,1273382
1273383,1273384
1273384,1273385
1273387,1273388
1273390,1273391
1273391,1273392
1273393,1273394
1273394,1273395
1273400,1273401
1273402,1273403
1273404,1273405
1273412,1273413
1273413,1273414
1273414,1273415
1273418,1273419
1273422,1273423
1273423,1273424
1273425,1273426
1273429,1273430
1273436,1273437
1273437,1273438
1273439,1273440
1273442,1273443
1273446,1273447
1273450,1273451
1273451,1273452
1273452,1273453
1273455,1273456
1273457,1273458
1273462,1273463
1273466,1273467
1273468,1273469
1273471,1273472
1273475,1273476
1273476,1273477
1273480,1273481
1273483,1273484
1273484,1273485
1273485,1273486
1273491,1273492
1273493,1273494
1273495,1273496
1273496,1273497
1273497,1273498
1273499,1273500
1273500,1273501
1273501,1273502
1273502,1273503
1273503,1273504
1273506,1273507
1273508,1273509
1273510,1273511
1273512,1273513
1273513,1273514
1273514,1273515
1273515,1273516
1273516,1273517
1273517,1273518
1273519,1273520
1273520,1273521
1273521,1273522
1273524,1273525
1273526,1273527
1273527,1273528
1273528,1273529
1273531,1273532
1273534,1273535
1273536,1273537
1273537,1273538
1273538,1273539
1273539,1273540
1273543,1273544
1273544,1273545
1273545,1273546
1273546,1273547
1273548,1273549
1273552,1273553
1273553,1273554
1273554,1273555
1273557,1273558
1273560,1273561
1273563,1273564
1273566,1273567
1273567,1273568
1273568,1273569
1273571,1273572
1273572,1273573
1273573,1273574
1273574,1273575
1273575,1273576
1273576,1273577
1273579,1273580
1273580,1273581
1273581,1273582
1273584,1273585
1273586,1273587
1273588,1273589
1273590,1273591
1273591,1273592
1273597,1273598
1273605,1273606
1273607,1273608
1273609,1273610
1273610,1273611
1273612,1273613
1273614,1273615
1273618,1273619
1273623,1273624
1273626,1273627
1273627,1273628
1273628,1273629
1273629,1273630
1273634,1273635
1273636,1273637
1273637,1273638
1273639,1273640
1273640,1273641
1273643,1273644
1273645,1273646
1273649,1273650
1273650,1273651
1273651,1273652
1273652,1273653
1273655,1273656
1273657,1273658
1273658,1273659
1273660,1273661
1273671,1273672
1273672,1273673
1273674,1273675
1273675,1273676
1273676,1273677
1273677,1273678
1273684,1273685
1273685,1273686
1273687,1273688
1273689,1273690
1273691,1273692
1273692,1273693
1273694,1273695
1273695,1273696
1273700,1273701
1273701,1273702
1273703,1273704
1273704,1273705
1273706,1273707
1273707,1273708
1273710,1273711
1273711,1273712
1273712,1273713
1273714,1273715
1273715,1273716
1273716,1273717
1273721,1273722
1273723,1273724
1273727,1273728
1273729,1273730
1273731,1273732
1273733,1273734
1273739,1273740
1273741,1273742
1273742,1273743
1273743,1273744
1273746,1273747
1273747,1273748
1273750,1273751
1273751,1273752
1273754,1273755
1273756,1273757
1273758,1273759
1273759,1273760
1273762,1273763
1273764,1273765
1273767,1273768
1273768,1273769
1273772,1273773
1273773,1273774
1273775,1273776
1273777,1273778
1273778,1273779
1273779,1273780
1273785,1273786
1273787,1273788
1273798,1273799
1273799,1273800
1273801,1273802
1273802,1273803
1273805,1273806
1273807,1273808
1273809,1273810
1273811,1273812
1273814,1273815
1273816,1273817
1273817,1273818
1273818,1273819
1273819,1273820
1273821,1273822
1273822,1273823
1273825,1273826
1273826,1273827
1273831,1273832
1273832,1273833
1273833,1273834
1273837,1273838
1273838,1273839
1273840,1273841
1273842,1273843
1273843,1273844
1273844,1273845
1273847,1273848
1273849,1273850
1273853,1273854
1273855,1273856
1273858,1273859
1273859,1273860
1273864,1273865
1273869,1273870
1273870,1273871
1273871,1273872
1273874,1273875
1273875,1273876
1273878,1273879
1273880,1273881
1273881,1273882
1273882,1273883
1273883,1273884
1273884,1273885
1273889,1273890
1273891,1273892
1273892,1273893
1273893,1273894
1273895,1273896
1273896,1273897
1273899,1273900
1273900,1273901
1273902,1273903
1273903,1273904
1273904,1273905
1273905,1273906
1273906,1273907
1273907,1273908
1273908,1273909
1273909,1273910
1273911,1273912
1273912,1273913
1273916,1273917
1273917,1273918
1273921,1273922
1273925,1273926
1273927,1273928
1273930,1273931
1273932,1273933
1273933,1273934
1273939,1273940
1273940,1273941
1273944,1273945
1273946,1273947
1273949,1273950
1273951,1273952
1273957,1273958
1273960,1273961
1273961,1273962
1273966,1273967
1273968,1273969
1273969,1273970
1273971,1273972
1273973,1273974
1273974,1273975
1273975,1273976
1273976,1273977
1273977,1273978
1273978,1273979
1273979,1273980
1273981,1273982
1273982,1273983
1273984,1273985
1273985,1273986
1273988,1273989
1273990,1273991
1273992,1273993
1273998,1273999
1273999,1274000
1274000,1274001
1274064,1274065
1274065,1274066
1274074,1274075
1274075,1274076
1274078,1274079
1274079,1274080
1274107,1274108
1274108,1274109
1274110,1274111
1274111,1274112
1274174,1274175
1274175,1274176
1274195,1274196
1274196,1274197
1274261,1274262
1274262,1274263
1274277,1274278
1274278,1274279
1274288,1274289
1274289,1274290
1274297,1274298
1274309,1274310
1274314,1274315
1274316,1274317
1274340,1274341
1274341,1274342
1274424,1274425
1274425,1274426
1274522,1274523
1274523,1274524
1274533,1274534
1274534,1274535
1274568,1274569
1274569,1274570
1274600,1274601
1274601,1274602
1274634,1274635
1274635,1274636
1274702,1274703
1274703,1274704
1274711,1274712
1274712,1274713
1274715,1274716
1274723,1274724
1274724,1274725
1274729,1274730
1274731,1274732
1274734,1274735
1274737,1274738
1274738,1274739
1274745,1274746
1274746,1274747
1274747,1274748
1274748,1274749
1274749,1274750
1274750,1274751
1274755,1274756
1274756,1274757
1274761,1274762
1274762,1274763
1274763,1274764
1274764,1274765
1274765,1274766
1274766,1274767
1274775,1274776
1274776,1274777
1274782,1274783
1274783,1274784
1274791,1274792
1274792,1274793
1274794,1274795
1274795,1274796
1274797,1274798
1274799,1274800
1274815,1274816
1274816,1274817
1274821,1274822
1274823,1274824
1274824,1274825
1274826,1274827
1274828,1274829
1274829,1274830
1274831,1274832
1274832,1274833
1274834,1274835
1274839,1274840
1274840,1274841
1274841,1274842
1274842,1274843
1274846,1274847
1274852,1274853
1274853,1274854
1274855,1274856
1274856,1274857
1274863,1274864
1274864,1274865
1274866,1274867
1274867,1274868
1274869,1274870
1274870,1274871
1274878,1274879
1274879,1274880
1274884,1274885
1274885,1274886
1274892,1274893
1274893,1274894
1274898,1274899
1274900,1274901
1274901,1274902
1274903,1274904
1274905,1274906
1274906,1274907
1274910,1274911
1274912,1274913
1274917,1274918
1274919,1274920
1274923,1274924
1274924,1274925
1274930,1274931
1274931,1274932
1274933,1274934
1274934,1274935
1274938,1274939
1274939,1274940
1274942,1274943
1274943,1274944
1274945,1274946
1274946,1274947
1274947,1274948
1274949,1274950
1274950,1274951
1274952,1274953
1274956,1274957
1274957,1274958
1274961,1274962
1274966,1274967
1274968,1274969
1274970,1274971
1274977,1274978
1274978,1274979
1274981,1274982
1274982,1274983
1274984,1274985
1274988,1274989
1274989,1274990
1274990,1274991
1274993,1274994
1274999,1275000
1275001,1275002
1275005,1275006
1275006,1275007
1275009,1275010
1275010,1275011
1275025,1275026
1275027,1275028
1275036,1275037
1275037,1275038
1275039,1275040
1275041,1275042
1275049,1275050
1275050,1275051
1275052,1275053
1275053,1275054
1275057,1275058
1275058,1275059
1275059,1275060
1275060,1275061
1275064,1275065
1275065,1275066
1275066,1275067
1275067,1275068
1275068,1275069
1275069,1275070
1275072,1275073
1275075,1275076
1275077,1275078
1275078,1275079
1275079,1275080
1275080,1275081
1275084,1275085
1275212,1275213
1275851,1275852
1275852,1275853
1276547,1276548
1276548,1276549
1278239,1278240
1278240,1278241
1278505,1278506
1278578,1278579
1278589,1278590
1278590,1278591
1278605,1278606
1278606,1278607
1278608,1278609
1278656,1278657
1278740,1278741
1278741,1278742
1278753,1278754
1278756,1278757
1278757,1278758
1278764,1278765
1279077,1279078
1279078,1279079
1279326,1279327
1279327,1279328
1280240,1280241
1280241,1280242
1280549,1280550
1280550,1280551
1280950,1280951
1280951,1280952
1282755,1282756
1303295,1303296
1303296,1303297
1305488,1305489
1305489,1305490
1305499,1305500
1305500,1305501
1330518,1330519
1330700,1330701
1330771,1330772
1330774,1330775
1330900,1330901
1330907,1330908
1330925,1330926
1330965,1330966
1330966,1330967
1330967,1330968
1331049,1331050
1331142,1331143
1331144,1331145
1331148,1331149
1331151,1331152
1331172,1331173
1331174,1331175
1331176,1331177
1331177,1331178
1331180,1331181
1331187,1331188
1331188,1331189
1331199,1331200
1331200,1331201
1331207,1331208
1331208,1331209
1331212,1331213
1331213,1331214
1331220,1331221
1352216,1352217
1352217,1352218
1352219,1352220
1352551,1352552
1352553,1352554
1352723,1352724
1352724,1352725
1352945,1352946
1352946,1352947
1352962,1352963
1352964,1352965
1353522,1353523
1353523,1353524
1353526,1353527
1353527,1353528
1353547,1353548
1353548,1353549
1353566,1353567
1353567,1353568
1353671,1353672
1353673,1353674
1354434,1354435
1354435,1354436
1354437,1354438
1354438,1354439
1354550,1354551
1363516,1363517
1363529,1363530
1363530,1363531
1363545,1363546
1363546,1363547
1363552,1363553
1363553,1363554
1363585,1363586
1363587,1363588
1363598,1363599
1363599,1363600
1363608,1363609
1363609,1363610
1363613,1363614
1363614,1363615
1363620,1363621
1363621,1363622
1363656,1363657
1363657,1363658
1363744,1363745
1363745,1363746
1363876,1363877
1363877,1363878
1389849,1389850
1389850,1389851
1390005,1390006
1390015,1390016
1390016,1390017
1390022,1390023
1390024,1390025
1390027,1390028
1390028,1390029
1390029,1390030
1390030,1390031
1390032,1390033
1390033,1390034
1390035,1390036
1390206,1390207
1390219,1390220
1390220,1390221
1390223,1390224
1390226,1390227
1390227,1390228
1390231,1390232
1390232,1390233
1390235,1390236
1390238,1390239
1390241,1390242
1390242,1390243
1390244,1390245
1390245,1390246
1390336,1390337
1390343,1390344
1390353,1390354
1390357,1390358
1390358,1390359
1390361,1390362
1390367,1390368
1390373,1390374
1390375,1390376
1390379,1390380
1390389,1390390
1390390,1390391
1390391,1390392
1390392,1390393
1390463,1390464
1390464,1390465
1390465,1390466
1390467,1390468
1390468,1390469
1390475,1390476
1390477,1390478
1390478,1390479
1390480,1390481
1390485,1390486
1390517,1390518
1390518,1390519
1390519,1390520
1390520,1390521
1390533,1390534
1390534,1390535
1390538,1390539
1390539,1390540
1390554,1390555
1390555,1390556
1390563,1390564
1390564,1390565
1390569,1390570
1390571,1390572
1390625,1390626
1390627,1390628
1390639,1390640
1390640,1390641
1390645,1390646
1390656,1390657
1390679,1390680
1390684,1390685
1390688,1390689
1390690,1390691
1390727,1390728
1390739,1390740
1390762,1390763
1391581,1391582
1391663,1391664
1391822,1391823
1392098,1392099
1392099,1392100
1392101,1392102
1392102,1392103
1392107,1392108
1392108,1392109
1392109,1392110
1392110,1392111
1392112,1392113
1392113,1392114
1392114,1392115
1392115,1392116
1392120,1392121
1392121,1392122
1392170,1392171
1392171,1392172
1392172,1392173
1392173,1392174
1392378,1392379
1403511,1403512
1412590,1412591
1413000,1413001
1539741,1539742
1540032,1540033
1540044,1540045
1540067,1540068
1540090,1540091
1540128,1540129
1540131,1540132
1540133,1540134
1540134,1540135
1540136,1540137
1540146,1540147
1540147,1540148
1540148,1540149
1540149,1540150
1540150,1540151
1540210,1540211
1540213,1540214
1540214,1540215
1540222,1540223
1540284,1540285
1540285,1540286
1540440,1540441
1540452,1540453
1540628,1540629
1543369,1543370
1543370,1543371
1543373,1543374
1543374,1543375
1543395,1543396
1543396,1543397
1543400,1543401
1543401,1543402
1543407,1543408
1543409,1543410
1543412,1543413
1543416,1543417
1543418,1543419
1543419,1543420
1762781,1762782
1762782,1762783
1762785,1762786
1762786,1762787
1762787,1762788
1762789,1762790
1762793,1762794
1762794,1762795
1762804,1762805
1762805,1762806
1762806,1762807
1762807,1762808
1762808,1762809
1762809,1762810
1762842,1762843
1762872,1762873
1784458,1784459
1784459,1784460
1784494,1784495
1784566,1784567
1784572,1784573
1784573,1784574
1887040,1887041
1887041,1887042
1887049,1887050
1887050,1887051
1887052,1887053
1887054,1887055
1887069,1887070
1887070,1887071
1887073,1887074
1887074,1887075
1887078,1887079
1887080,1887081
1887086,1887087
1887090,1887091
1887095,1887096
1891066,1891067
1891067,1891068
1891070,1891071
1891071,1891072
1891072,1891073
1891073,1891074
1901606,1901607
1901619,1901620
1902019,1902020
1902191,1902192
1902216,1902217
1902499,1902500
1948964,1948965
2014045,2014046
2014046,2014047
2098117,2098118
2098118,2098119
2098122,2098123
2098139,2098140
2098150,2098151
2098183,2098184
2102404,2102405
2102417,2102418
2119298,2119299
2126206,2126207
2126207,2126208
2126210,2126211
2126211,2126212
2134867,2134868
2134868,2134869
2163016,2163017
2163017,2163018
2163032,2163033
2163062,2163063
2163131,2163132
2163151,2163152
2163242,2163243
2163243,2163244
2163281,2163282
2163309,2163310
2163310,2163311
2163336,2163337
2163337,2163338
2163355,2163356
2163356,2163357
2163364,2163365
2172503,2172504
2173019,2173020
2173020,2173021
2174560,2174561
2174674,2174675
2175023,2175024
2175024,2175025
2175220,2175221
2175221,2175222
2176835,2176836
2176836,2176837
2179624,2179625
2179745,2179746
2179908,2179909
2179911,2179912
2181405,2181406
2181433,2181434
2181434,2181435
2181453,2181454
2181454,2181455
2181478,2181479
2181479,2181480
2181523,2181524
2181524,2181525
2181610,2181611
2181611,2181612
2181806,2181807
2181807,2181808
2181950,2181951
2181951,2181952
2182281,2182282
2182293,2182294
2182295,2182296
2182297,2182298
2182301,2182302
2182302,2182303
2182323,2182324
2182325,2182326
2182326,2182327
2182327,2182328
2182328,2182329
2182330,2182331
2182331,2182332
2182333,2182334
2182335,2182336
2182336,2182337
2182337,2182338
2182408,2182409
2182411,2182412
2182457,2182458
2182458,2182459
2182463,2182464
2182464,2182465
2182466,2182467
2182467,2182468
2182483,2182484
2182511,2182512
2210146,2210147
2210148,2210149
2210201,2210202
2210202,2210203
2210294,2210295
2210295,2210296
2210444,2210445
2210445,2210446
2210564,2210565
2210568,2210569
2210772,2210773
2210773,2210774
2210776,2210777
2210778,2210779
2211068,2211069
2211069,2211070
2211381,2211382
2211382,2211383
2211419,2211420
2211420,2211421
2211438,2211439
2211439,2211440
2211474,2211475
2211475,2211476
2211537,2211538
2211538,2211539
2211560,2211561
2211562,2211563
2212024,2212025
2212025,2212026
2212118,2212119
2212119,2212120
2212121,2212122
2212123,2212124
2212275,2212276
2212280,2212281
2212289,2212290
2212292,2212293
2212293,2212294
2212294,2212295
2212499,2212500
2212519,2212520
2212688,2212689
2212690,2212691
2212691,2212692
2212694,2212695
2212737,2212738
2212738,2212739
2212745,2212746
2212747,2212748
2212749,2212750
2212750,2212751
2212751,2212752
2212754,2212755
2212755,2212756
2212768,2212769
2212770,2212771
2212771,2212772
2212778,2212779
2212779,2212780
2212973,2212974
2212975,2212976
2212977,2212978
2212980,2212981
2212982,2212983
2212983,2212984
2213628,2213629
2213629,2213630
2213803,2213804
2213804,2213805
2213866,2213867
2213867,2213868
2222066,2222067
2224724,2224725
2224736,2224737
2224753,2224754
2224754,2224755
2225075,2225076
2225076,2225077
2225098,2225099
2225168,2225169
2225374,2225375
2225375,2225376
2225477,2225478
2226072,2226073
2226081,2226082
2226162,2226163
2226208,2226209
2228903,2228904
2228973,2228974
2230078,2230079
2230549,2230550
2230604,2230605
2230871,2230872
2231074,2231075
2369743,2369744
2369751,2369752
2369773,2369774
2369828,2369829
2369866,2369867
2370332,2370333
2370334,2370335
2370336,2370337
2370339,2370340
2370341,2370342
2370342,2370343
2370519,2370520
2370550,2370551
2370552,2370553
2370553,2370554
2370600,2370601
2370601,2370602
2370786,2370787
2370789,2370790
2370790,2370791
2370791,2370792
2370793,2370794
2370806,2370807
2370807,2370808
2370808,2370809
2370816,2370817
2370817,2370818
2370889,2370890
2370890,2370891
2370892,2370893
2370897,2370898
2370898,2370899
2370901,2370902
2370902,2370903
2370903,2370904
2370924,2370925
2370928,2370929
2370953,2370954
2370954,2370955
2370955,2370956
2370956,2370957
2370965,2370966
2370968,2370969
2370970,2370971
2370971,2370972
2370972,2370973
2370995,2370996
2370998,2370999
2371199,2371200
2371200,2371201
2371201,2371202
2371203,2371204
2371303,2371304
2371397,2371398
2371738,2371739
2371739,2371740
2371741,2371742
2371759,2371760
2371784,2371785
2371825,2371826
2371827,2371828
2371829,2371830
2371846,2371847
2371850,2371851
2371868,2371869
2371870,2371871
2371874,2371875
2371875,2371876
2371883,2371884
2371887,2371888
2371898,2371899
2371902,2371903
2371903,2371904
2371904,2371905
2371927,2371928
2371928,2371929
2372005,2372006
2372006,2372007
2372041,2372042
2372042,2372043
2372045,2372046
2372046,2372047
2372056,2372057
2372057,2372058
2372129,2372130
2372130,2372131
2372154,2372155
2372155,2372156
2372163,2372164
2372164,2372165
2372166,2372167
2372175,2372176
2372179,2372180
2372254,2372255
2372271,2372272
2372276,2372277
2372278,2372279
2372309,2372310
2372310,2372311
2372332,2372333
2372375,2372376
2372376,2372377
2372389,2372390
2372390,2372391
2372418,2372419
2372422,2372423
2372425,2372426
2372426,2372427
2372745,2372746
2372746,2372747
2372748,2372749
2372749,2372750
2372750,2372751
2372753,2372754
2372754,2372755
2372755,2372756
2372766,2372767
2372777,2372778
2372778,2372779
2372781,2372782
2372782,2372783
2372827,2372828
2372829,2372830
2372835,2372836
2372836,2372837
2372859,2372860
2372860,2372861
2372898,2372899
2372899,2372900
2372954,2372955
2374248,2374249
2374251,2374252
2374255,2374256
2374256,2374257
2374257,2374258
2374258,2374259
2374260,2374261
2374273,2374274
2374274,2374275
2374332,2374333
2374335,2374336
2374336,2374337
2374485,2374486
2374492,2374493
2374493,2374494
2374511,2374512
2374515,2374516
2374565,2374566
2374569,2374570
2375928,2375929
2375941,2375942
2375957,2375958
2375959,2375960
2375968,2375969
2375972,2375973
2375974,2375975
2375978,2375979
2375979,2375980
2375986,2375987
2375992,2375993
