first_frame,last_frame
7914,7914
7916,7955
7959,7975
7977,7977
7979,8174
8181,8321
16526,16526
34171,34192
82519,82571
82573,82581
82583,82605
82607,82608
82641,82873
83817,83866
149197,149288
149290,149292
149294,149295
149297,149297
149301,149302
149308,149308
149310,149310
149314,149314
149318,149318
149320,149320
149328,149328
149334,149348
149372,149372
149426,149427
149433,149436
149439,149439
149455,149455
149457,149457
149464,149464
149521,149523
149538,149538
149541,149541
149543,149543
149550,149550
149556,149556
149560,149560
149562,149562
149592,149594
149614,149614
149665,149667
149782,149784
150051,150054
180094,180253
232632,232989
232994,232999
278134,278157
278169,278825
278827,278832
278834,278836
278838,293672
311466,311499
311729,311784
311847,311850
311852,311853
311855,311855
311857,311859
311861,311862
311886,311963
311976,311998
312004,312004
312006,312006
312010,312010
312151,312151
312590,312591
312620,312620
312655,312659
312661,312661
313022,313458
313829,313936
352914,353010
353517,353521
354104,354110
354113,354115
354119,354121
358748,358778
363645,363902
364906,364922
364924,365009
390492,390492
394580,394580
394582,394582
403501,412512
412698,415989
416503,420559
436562,447623
447626,449614
485214,485214
485219,488131
488226,488564
488567,488567
488594,488598
488602,488627
488681,488700
488758,488762
488764,488773
488776,488777
488779,488779
488782,488782
488784,488784
488787,488787
488790,488791
488795,488795
488800,488800
488803,488804
488814,488814
488817,488820
488822,488824
488827,488827
488829,488833
488836,488836
488838,488845
488847,488847
489101,501500
502303,502304
624668,625649
639017,639119
640296,640296
640362,640370
640376,640379
640381,642179
642264,646085
738560,738688
901469,901568
947646,947652
947657,947693
955900,958886
1031565,1031620
1080258,1080349
1080547,1080611
1081158,1081158
1081160,1081509
1081753,1081753
1082127,1083230
1083643,1083862
1102531,1102746
1158287,1158692
1194237,1194241
1232450,1282758
1286111,1286164
1298932,1305903
1330465,1330823
1330825,1330830
1330834,1330969
1330972,1330984
1330986,1330987
1330989,1330992
1330994,1330995
1331001,1331226
1349613,1349613
1349846,1349846
1349848,1349848
1350602,1350607
1350610,1350613
1350615,1350616
1350618,1350618
1350620,1350625
1350628,1350628
1350631,1350632
1350634,1350634
1350636,1350637
1350639,1350639
1350641,1350644
1350646,1350652
1350655,1350657
1350660,1350660
1350662,1354004
1354006,1354008
1354010,1354010
1354012,1354014
1354016,1354023
1354025,1354040
1354042,1354042
1354044,1354051
1354053,1354053
1354055,1354059
1354061,1354065
1354067,1354070
1354072,1354081
1354083,1354091
1354093,1354094
1354097,1354097
1354099,1354101
1354103,1354105
1354108,1354111
1354113,1354114
1354116,1354120
1354123,1354124
1354126,1354129
1354131,1354133
1354135,1354136
1354138,1354140
1354142,1354147
1354149,1354149
1354152,1354152
1354154,1354154
1354156,1354156
1354158,1354160
1354163,1354163
1354166,1354168
1354170,1354170
1354172,1354172
1354174,1354175
1354178,1354179
1354181,1354181
1354183,1354184
1354186,1354188
1354190,1354192
1354194,1354194
1354197,1354197
1354199,1354203
1354205,1354205
1354207,1354208
1354210,1354218
1354221,1354221
1354224,1354224
1354227,1354229
1354231,1354235
1354238,1354240
1354246,1354247
1354249,1354249
1354251,1354259
1354262,1354265
1354267,1354273
1354275,1354275
1354277,1354278
1354280,1354282
1354284,1354288
1354290,1354291
1354293,1354294
1354296,1354296
1354299,1354303
1354305,1354310
1354314,1354335
1354337,1354337
1354339,1354339
1354341,1354343
1354345,1354349
1354351,1354358
1354361,1354366
1354368,1354369
1354371,1354371
1354373,1354376
1354378,1354392
1354396,1354397
1354400,1354401
1354405,1354406
1354408,1354417
1354419,1354425
1354428,1354440
1354442,1354447
1354449,1354449
1354453,1354454
1354460,1354460
1354462,1354463
1354465,1354465
1354467,1354468
1354471,1354471
1354473,1354474
1354476,1354478
1354482,1354482
1354484,1354484
1354486,1354486
1354489,1354489
1354491,1354492
1354496,1354501
1354503,1354508
1354513,1354515
1354517,1354517
1354520,1354520
1354524,1354538
1354540,1354542
1354545,1363999
1364007,1364007
1387501,1387501
1387791,1387861
1387971,1388036
1388159,1388221
1388317,1388340
1388739,1388827
1389018,1389043
1389356,1390397
1390414,1390418
1390425,1390428
1390436,1390436
1390438,1390439
1390447,1390448
1390461,1390461
1390463,1390530
1390532,1390579
1390581,1470000
1479501,1488512
1505630,1505756
1524501,1533511
1539653,1539653
1539711,1539711
1539713,1540643
1540791,1540792
1540794,1540794
1540796,1541544
1543173,1543499
1691354,1691362
1691380,1691380
1691382,1691382
1691386,1691386
1691390,1691395
1691397,1691402
1762774,1762999
1763543,1763545
1770560,1770628
1775092,1775120
1784285,1784587
1859378,1859378
1859383,1859384
1859386,1859386
1859388,1859392
1859395,1859395
1881549,1881550
1887001,1887093
1887095,1887097
1887100,1887100
1887104,1887104
1887107,1887108
1887112,1887113
1887115,1887116
1887118,1887118
1887124,1887124
1887126,1887126
1887134,1887134
1887142,1887142
1887156,1887156
1887164,1887164
1887173,1887173
1887175,1887175
1887452,1887452
1887457,1887457
1887472,1887472
1887507,1887507
1887519,1887519
1887556,1887556
1887562,1887562
1887567,1887567
1887571,1887571
1887578,1887579
1887582,1887582
1887584,1887584
1887591,1887591
1887599,1887599
1887609,1887609
1887622,1887623
1887630,1887630
1887640,1887640
1887646,1887646
1887657,1887658
1887672,1887672
1887726,1887726
1887743,1887743
1887875,1887875
1887907,1887907
1887936,1887936
1887939,1887939
1887946,1887947
1887951,1887951
1887958,1887961
1887970,1887970
1887974,1887978
1887987,1887989
1887993,1887994
1887999,1887999
1888002,1888003
1888010,1888010
1888014,1888014
1888018,1888020
1888023,1888023
1888041,1888042
1888049,1888049
1888065,1888065
1889691,1889691
1889696,1889696
1889699,1889700
1889704,1889704
1889707,1889707
1889711,1889712
1889720,1889720
1889725,1889725
1889727,1889727
1889732,1889733
1889737,1889737
1889746,1889746
1889748,1889748
1889753,1889753
1889757,1889757
1889759,1889759
1889761,1889761
1889763,1889763
1889765,1889767
1889770,1889771
1889775,1889775
1889777,1889777
1889779,1889781
1889783,1889790
1889792,1889794
1889796,1889810
1889812,1889813
1889815,1889818
1889821,1889821
1889824,1889824
1889827,1889827
1889830,1889832
1890146,1890149
1890159,1890159
1890164,1890164
1890170,1890183
1890185,1890189
1890191,1890193
1890195,1890195
1890197,1890201
1890203,1890204
1890206,1890211
1890213,1890219
1890222,1890228
1890231,1890244
1890247,1890251
1890253,1890254
1890256,1890265
1890267,1890267
1890269,1890271
1890274,1890276
1890278,1890284
1890286,1890298
1890300,1890300
1890302,1890304
1890306,1890314
1890316,1890316
1890319,1890323
1890325,1890328
1890330,1890344
1890346,1890347
1890349,1890349
1890351,1890354
1890356,1890356
1890358,1890359
1890751,1890751
1890756,1890756
1890759,1890760
1890762,1890762
1890764,1890786
1890925,1890926
1890928,1890928
1890930,1890934
1890936,1890938
1890941,1890945
1890949,1890950
1890956,1890956
1890961,1890961
1890963,1890963
1890971,1890972
1890979,1890980
1891007,1891007
1891010,1891010
1891026,1891026
1891032,1891034
1891036,1891037
1891039,1891039
1891063,1891076
1891081,1891082
1891084,1891086
1891088,1891091
1891093,1891093
1891095,1891095
1891097,1891097
1891099,1891099
1891103,1891107
1891110,1891113
1891115,1891120
1891122,1891125
1891127,1891127
1891129,1891131
1891133,1891133
1891137,1891137
1891139,1891142
1891150,1891152
1891154,1891155
1891158,1891159
1891161,1891163
1891168,1891168
1891172,1891173
1891175,1891177
1891180,1891180
1891184,1891185
1891187,1891188
1891190,1891190
1891192,1891192
1891197,1891197
1891199,1891201
1891203,1891203
1891205,1891205
1891209,1891209
1891212,1891212
1891222,1891222
1892737,1892737
1898047,1898047
1899420,1899420
1899423,1899423
1899425,1899426
1899453,1899453
1900422,1900422
1900562,1900562
1900858,1900860
1900863,1900982
1900985,1900985
1900991,1900991
1901058,1901070
1901073,1901075
1901077,1901079
1901083,1901084
1901086,1901086
1901090,1901176
1901208,1902502
1940250,1940250
1942052,1942055
1945823,1945841
1946023,1946096
1946624,1946667
1946669,1946669
1946671,1946671
1946674,1946674
1946678,1946678
1946702,1946702
1946705,1946705
1946708,1946712
1946714,1946715
1946717,1946717
1946722,1946723
1947640,1947642
1947644,1949029
1954231,1954231
1964049,1964092
1970085,1970155
2014029,2014030
2014033,2014078
2014136,2014144
2026572,2026572
2032084,2032086
2043578,2043580
2047087,2047088
2047397,2047398
2047709,2047712
2053613,2053613
2053841,2053841
2075327,2075331
2075344,2075396
2091561,2091561
2098088,2098191
2098193,2098204
2098311,2098311
2098380,2098382
2098384,2098384
2098386,2098386
2098390,2098391
2098394,2098395
2098413,2098416
2098420,2098420
2098422,2098423
2098425,2098426
2098428,2098432
2098469,2098471
2098473,2098473
2098522,2098522
2098539,2098543
2098545,2098547
2098580,2098582
2098600,2098602
2098609,2098611
2098617,2098619
2098662,2098662
2098673,2098674
2098683,2098685
2098687,2098687
2098690,2098692
2102404,2102447
2116656,2119299
2126136,2149809
2162973,2162990
2162996,2162999
2163006,2163282
2163305,2180229
2181280,2181280
2181298,2181298
2181316,2181316
2181326,2181327
2181329,2181330
2181332,2181332
2181337,2181338
2181346,2181346
2181357,2181357
2181359,2181373
2181382,2182514
2191648,2191665
2210064,2213999
2214068,2214069
2214112,2214113
2215587,2215609
2215941,2215943
2216556,2216557
2216569,2216573
2216588,2216588
2216591,2216591
2216597,2216597
2216604,2216606
2216611,2216612
2216614,2216614
2216624,2216624
2216636,2216639
2216651,2216653
2216657,2216659
2216683,2216684
2216691,2216694
2216703,2216708
2216710,2216712
2216715,2216715
2216721,2216722
2216733,2216734
2216736,2216736
2216754,2216757
2218939,2218939
2218941,2218945
2218948,2218949
2218958,2218958
2218965,2218968
2218974,2218975
2218987,2218987
2218992,2218992
2220193,2223533
2223622,2223623
2224039,2224039
2224212,2224213
2224221,2224221
2224723,2225232
2225234,2225325
2225328,2225328
2225330,2225333
2225373,2225454
2225458,2225489
2226043,2226230
2226234,2226242
2226249,2226254
2226261,2226262
2226357,2240511
2259501,2268511
2278001,2287011
2287202,2296500
2310257,2310257
2326661,2326664
2341449,2341453
2341455,2341462
2341464,2341492
2341494,2341499
2341519,2341563
2341565,2341567
2341582,2341582
2341609,2341609
2341618,2341618
2341620,2341620
2369743,2369767
2369771,2369785
2369826,2369869
2370069,2370072
2370074,2370442
2370444,2370444
2370519,2370604
2370606,2370607
2370775,2370854
2370888,2372298
2372300,2372433
2372435,2372466
2372468,2372532
2372534,2372547
2372549,2372591
2372593,2372610
2372612,2372616
2372618,2372623
2372625,2372627
2372629,2372674
2372676,2372690
2372692,2372983
2373634,2373635
2373637,2373637
2373647,2373713
2374168,2374244
2374247,2374346
2374348,2374365
2374367,2374399
2374401,2374410
2374412,2374413
2374415,2374421
2374423,2374440
2374442,2374456
2374458,2374475
2374477,2374513
2374515,2374531
2374533,2374559
2374561,2374603
2375445,2375499
2375549,2375583
2375596,2375597
2375614,2375616
2375618,2375618
2375926,2375926
2375928,2375942
2375944,2375953
2375957,2375975
2375978,2375980
2375982,2375984
2375986,2375987
2375990,2375993
2375996,2375997
